<?xml version="1.0" encoding="UTF-8"?>
<!DOCTYPE configuration
    PUBLIC "-//mybatis.org//DTD Mapper 3.0//EN"
    "https://mybatis.org/dtd/mybatis-3-config.dtd">
<configuration>
	<mappers>
		<mapper resource="mybatis/mappers/board.xml"/>
		<mapper resource="mybatis/mappers/comment.xml"/>
		<mapper resource="mybatis/mappers/upload.xml"/>
		<mapper resource="mybatis/mappers/page.xml"/>
		<mapper resource="mybatis/mappers/defect.xml"/>
		<mapper resource="mybatis/mappers/recallstatic.xml"/>
	</mappers>
</configuration>